pair_id,base,exchange_a,market_a,symbol_a,exchange_b,market_b,symbol_b,fast_analysis_ok,fast_reason,fast_bars,fast_alpha,fast_beta,fast_adf_pvalue,fast_spread_std_pct,fast_spread_q05_pct,fast_spread_q50_pct,fast_spread_q95_pct,fast_q95_q05_range_pct,fast_half_life_bars,fast_zero_crossings,fast_zero_crossings_day,fast_one_sigma_entries,fast_one_sigma_entries_day,fast_two_sigma_entries,fast_two_sigma_entries_day,fast_latest_zscore,fast_latest_spread_pct,fast_historical_ok,fast_historical_rejection_reason,slow_analysis_ok,slow_reason,slow_bars,slow_alpha,slow_beta,slow_adf_pvalue,slow_spread_std_pct,slow_spread_q05_pct,slow_spread_q50_pct,slow_spread_q95_pct,slow_q95_q05_range_pct,slow_half_life_bars,slow_zero_crossings,slow_zero_crossings_day,slow_one_sigma_entries,slow_one_sigma_entries_day,slow_two_sigma_entries,slow_two_sigma_entries_day,slow_latest_zscore,slow_latest_spread_pct,slow_historical_ok,slow_historical_rejection_reason
ACN|mexc:spot:ACN/USDT|gate:swap:ACN/USDT:USDT,ACN,mexc,spot,ACN/USDT,gate,swap,ACN/USDT:USDT,True,,500,-3.968714017700341,-0.28583657243028393,0.016763414472333343,0.8046092188927845,-0.9366681451118408,-0.10031797690379651,1.6750220835906937,2.6022307681446,16.86629810753321,29,16.704,22,12.671999999999999,4,2.304,0.10694427631986674,0.08608538284933243,True,,True,,500,-10.587609581665202,0.9887999536404107,0.5859150225334587,3.959404888642057,-5.251023110683317,-0.4660286718243811,6.8997700261682615,12.066062082767667,61.10318234681765,19.0,3.648,17.0,3.2640000000000002,0.0,0.0,-0.8076753637425602,-3.147321256725566,False,ADF=0.5859 > 0.05
ANSEM|mexc:spot:ANSEM/USDT|gate:swap:ANSEM/USDT:USDT,ANSEM,mexc,spot,ANSEM/USDT,gate,swap,ANSEM/USDT:USDT,True,,500,-0.3447599403638072,0.8218549806765129,6.908583967239366e-07,1.1246681029013146,-2.235719022061733,0.07257313038684376,1.821403161022106,4.066104402354401,4.068425795288718,82,47.232,45,25.919999999999998,6,3.456,1.3753316667445339,1.5588163978740077,True,,True,,500,-0.031454683963734166,0.9819979904059696,3.158321694932553e-29,0.8357905317726801,-1.3917987416777189,-0.03329789004274941,1.3879044293004128,2.7799363123218694,0.9870099949711809,190.0,36.480000000000004,90.0,17.28,19.0,3.648,2.299574629323149,1.9405513031155897,False,half-life=1.0 bars
ARK|mexc:spot:ARK/USDT|gate:swap:ARK/USDT:USDT,ARK,mexc,spot,ARK/USDT,gate,swap,ARK/USDT:USDT,True,,500,-0.06480931794916876,0.9272430774056726,0.006351696397535733,1.7817510259454956,-2.173670139533568,-0.35521580002377817,3.6085545203992986,5.742613672284599,6.08638352977768,52,29.951999999999998,27,15.552,7,4.032,-0.9542262967773528,-1.6858219548056774,True,,True,,500,-0.041173345967235736,0.9679667822353635,0.9990586347992401,1.3849004399938507,-0.6783819176559569,-0.2881101922788454,1.0916325530369475,1.7664106422752173,9.409092793614784,55.0,10.56,4.0,0.768,2.0,0.384,1.0397373370384815,1.4503496654459713,False,ADF=0.9991 > 0.05 | range=1.77% вне 2.00%–35.00% | ±1σ entries/day=0.77 < 2.00
BP|mexc:spot:BP/USDT|gate:swap:BP/USDT:USDT,BP,mexc,spot,BP/USDT,gate,swap,BP/USDT:USDT,True,,500,-0.1394532825578418,1.095716113257592,0.0001507841257528994,1.4076317565569487,-2.2050170766069965,-0.09403080922433249,2.5397761033556288,4.73775064746593,3.197658452419967,78,44.928,61,35.135999999999996,11,6.335999999999999,-1.1889276952797305,-1.6596459553957499,True,,True,,500,-0.12222311337423308,1.028791780301982,0.0015585298782215564,1.7748162484145715,-2.2470142712618713,-0.2670039602388541,3.123170846668444,5.348036431459036,3.8919024104059727,80.0,15.360000000000001,53.0,10.176,8.0,1.536,1.0612212322307606,1.9013219186205355,True,
CAT|mexc:spot:CAT/USDT|gate:swap:CAT/USDT:USDT,CAT,mexc,spot,CAT/USDT,gate,swap,CAT/USDT:USDT,True,,500,-13.794829353653027,0.1187722614150087,0.04658756192989104,1.3751877106518708,-1.9973048206260668,0.05728823489816737,2.120192575223734,4.115549802258735,30.827516824362675,23,13.248,7,4.032,0,0.0,-0.012723480369531658,-0.017495643174114672,True,,True,,500,-14.647858845206255,0.2476612051236526,0.30881628935742156,2.3770438309963704,-3.575348078572771,-0.6030387769395462,4.307170412969441,7.857821336044157,33.44974981953951,12.0,2.3040000000000003,18.0,3.4560000000000004,5.0,0.9600000000000001,-0.609232262867766,-1.4377362201338784,False,ADF=0.3088 > 0.05 | zero-crossings/day=2.30 < 3.00
COOL|mexc:spot:COOL/USDT|gate:swap:COOL/USDT:USDT,COOL,mexc,spot,COOL/USDT,gate,swap,COOL/USDT:USDT,True,,500,0.1166909965709234,1.0169879779293787,8.931511373439338e-16,1.1071840529576749,-2.223949271423198,0.12406797517912072,1.6063987606982577,3.8426846112513275,2.3541360016515953,103,59.327999999999996,58,33.408,10,5.76,0.3393600721155405,0.3764408253851492,True,,True,,500,0.03778021536785098,1.0058807401512924,4.41432824434666e-29,1.0507892251613158,-1.665077379966995,0.010744150308661382,1.762688488899733,3.4264289362865257,0.9958564114110724,198.0,38.016000000000005,108.0,20.736,23.0,4.416,-2.595758538167729,-2.690732145626784,False,half-life=1.0 bars
CTK|mexc:spot:CTK/USDT|gate:swap:CTK/USDT:USDT,CTK,mexc,spot,CTK/USDT,gate,swap,CTK/USDT:USDT,True,,500,-0.7575679860937359,0.6335537952959118,0.0027504739110078198,0.654683879222403,-1.370249490371378,0.04676310029245734,0.9966650643112862,2.37145517268448,12.028435264449104,52,29.951999999999998,24,13.824,5,2.88,0.8461665898139723,0.5555088856477264,True,,True,,500,0.0010268738516913134,1.0016210886745536,3.6382398339108313e-09,0.6307489541527361,-1.1711497514784397,0.04399846660794182,0.9645873196460819,2.138026606973604,2.63882089941925,97.0,18.624000000000002,50.0,9.600000000000001,10.0,1.9200000000000002,-2.647961933411768,-1.656328721971656,True,
DELTA|mexc:spot:DELTA/USDT|gate:swap:DELTA/USDT:USDT,DELTA,mexc,spot,DELTA/USDT,gate,swap,DELTA/USDT:USDT,True,,500,-0.17015275867906163,0.9589593093313443,1.3686211224327223e-17,1.3668164853786884,-2.004946729565482,-0.02474561187207902,1.9660555171185257,3.972296828557706,2.0558813724583094,108,62.208,62,35.711999999999996,10,5.76,0.01636881236658194,0.022375665567131442,True,,True,,500,-0.07690451766599576,0.9808414807464222,5.151418282688324e-08,1.5558463569670558,-2.4756269502909323,0.006357744013185673,2.315731584241032,4.796111330087671,1.8715159957331142,122.0,23.424000000000003,65.0,12.48,16.0,3.072,-0.5514109953804112,-0.8542412350795114,False,half-life=1.9 bars
EACC|mexc:spot:EACC/USDT|gate:swap:EACC/USDT:USDT,EACC,mexc,spot,EACC/USDT,gate,swap,EACC/USDT:USDT,True,,500,-0.2216034461015222,0.9343407047744422,0.0010865518057829857,4.095941788305446,-4.82210808086303,-1.2041143866454607,8.111863281653143,12.741877512171149,5.941920473115699,68,39.168,40,23.04,9,5.184,-0.600721267841158,-2.430495319922976,True,,False,Недостаточно общих свечей: 355 < 400,355,,,,,,,,,,,,,,,,,,,
EDGE|mexc:spot:EDGE/USDT|gate:swap:EDGE/USDT:USDT,EDGE,mexc,spot,EDGE/USDT,gate,swap,EDGE/USDT:USDT,True,,500,0.6358467203533568,0.5906240288952811,0.007636882451774534,1.0514835233969682,-1.5901498680223058,-0.0015376076118456261,1.8597284959942506,3.445575397495726,14.221765694286551,37,21.312,25,14.4,5,2.88,0.2569101128283921,0.2705019487238003,True,,True,,500,0.43807091907997026,0.46452389863081445,0.7742303217575779,4.871633645557632,-7.080253923684077,-0.30919284754468146,7.739374012454059,14.797893188152578,29.64613243547807,21.0,4.032,37.0,7.104,0.0,0.0,-1.4471889644085951,-6.807388622531441,False,ADF=0.7742 > 0.05
FATCOIN|mexc:spot:FATCOIN/USDT|gate:swap:FATCOIN/USDT:USDT,FATCOIN,mexc,spot,FATCOIN/USDT,gate,swap,FATCOIN/USDT:USDT,True,,500,-0.8955351606407954,0.8846673168946024,0.0004864265586557208,1.6378584164595966,-2.676170892849339,-0.15177727398441032,2.8089194985831734,5.482825213450767,2.0098641482331567,122,70.27199999999999,67,38.592,16,9.216,0.5403867513121562,0.8890053763587424,True,,True,,500,0.13710962133894214,1.0210172351762632,0.12811448405806264,1.7436494902842967,-2.9324591574825476,0.12170530192219253,2.785933996002199,5.72414812800858,1.217430336069552,184.0,35.328,85.0,16.32,17.0,3.2640000000000002,-2.077197901572659,-3.557098843253692,False,ADF=0.1281 > 0.05 | half-life=1.2 bars
FLORK|mexc:spot:FLORK/USDT|gate:swap:FLORK/USDT:USDT,FLORK,mexc,spot,FLORK/USDT,gate,swap,FLORK/USDT:USDT,True,,500,-0.03892107318701024,0.9948536682484371,6.204915388176493e-09,1.0723763339890269,-1.7521035937768104,0.17371737386095987,1.628431869824598,3.3829497338079135,2.106668411654906,94,54.144,65,37.44,9,5.184,-0.08504324758158505,-0.09115679300111257,True,,True,,500,-0.07346591764503894,0.9857814088298523,0.005411202730097722,0.9144208472016678,-1.3918119715312316,0.1063139185557116,1.312720865338446,2.70576784880744,1.1175152876443275,183.0,35.136,86.0,16.512,11.0,2.112,-1.5327460642739459,-1.3917986203850208,False,half-life=1.1 bars
FRONG|mexc:spot:FRONG/USDT|gate:swap:FRONG/USDT:USDT,FRONG,mexc,spot,FRONG/USDT,gate,swap,FRONG/USDT:USDT,True,,500,-1.9033751080654109,0.6368421414869141,0.0005176196487171497,1.9149188486723339,-2.732656920402854,-0.20035402517929457,3.228838127882039,5.948495162778838,7.319316399459074,39,22.464,46,26.496,6,3.456,0.5068880837906276,0.975375627374997,True,,True,,500,-0.13506865352066055,0.9737362941660076,0.01598862671527673,1.4080401673725222,-1.6555150200021629,-0.213976663894333,2.54842882049493,4.18586954762738,1.8133575848749521,166.0,31.872000000000003,43.0,8.256,8.0,1.536,2.183136389197934,3.1216772218308098,False,half-life=1.8 bars
FUTUON|mexc:spot:FUTUON/USDT|gate:swap:FUTUON/USDT:USDT,FUTUON,mexc,spot,FUTUON/USDT,gate,swap,FUTUON/USDT:USDT,True,,500,0.9309714913196567,0.8045684429461419,0.0003853693162296188,0.7375953187182787,-1.2030986842256786,0.08172664081114167,0.9782233007389785,2.1838641648796906,3.9238391190910438,36,20.736,27,15.552,5,2.88,-0.7367270464156145,-0.5419326386697509,True,,True,,500,2.5946516301308993,0.4523457498979325,0.05544644173345697,0.5581781132074063,-0.8267450923136299,-0.042974192060007965,1.0089818698673314,1.834107213720677,4.954354532953694,81.0,15.552000000000001,33.0,6.336,5.0,0.9600000000000001,-0.22251133875211607,-0.12412386176309242,False,ADF=0.0554 > 0.05 | range=1.83% вне 2.00%–35.00% | std=0.558% < 0.600%
INDEX|mexc:spot:INDEX/USDT|gate:swap:INDEX/USDT:USDT,INDEX,mexc,spot,INDEX/USDT,gate,swap,INDEX/USDT:USDT,True,,500,-0.016939615323299472,0.9997189151372213,1.0159033234572297e-07,1.7842807167007542,-2.662527843045426,0.046338718738669904,2.949076653888816,5.605042969777887,3.377472241460977,75,43.199999999999996,58,33.408,12,6.912,-0.13039856966422927,-0.23239719195217168,True,,True,,500,-0.629592633632416,0.8334811081401579,2.3824103386863786e-07,2.1516772283262773,-3.7295005048417984,0.3787061032716643,3.0665855670511055,6.82133089208633,2.4003601404134973,98.0,18.816000000000003,56.0,10.752,13.0,2.496,-0.5602511968287283,-1.198242943881389,True,
JUGGERNAUT|mexc:spot:JUGGERNAUT/USDT|gate:swap:JUGGERNAUT/USDT:USDT,JUGGERNAUT,mexc,spot,JUGGERNAUT/USDT,gate,swap,JUGGERNAUT/USDT:USDT,True,,500,-0.8997382643823052,0.8261633593500749,2.308453375711736e-10,1.4175809372557726,-2.2300934617113355,0.2165064439177078,1.9857867562622422,4.221663246526902,3.632333705273404,64,36.864,41,23.616,8,4.608,-1.3849580521723863,-1.9441431015822852,True,,True,,500,-0.331894633796462,0.9341643052045822,5.954107706099524e-14,1.9312820035217215,-3.455095053018542,0.1433167510016764,3.2748949448891507,6.738607969794258,2.6344481675153557,100.0,19.200000000000003,47.0,9.024000000000001,10.0,1.9200000000000002,-1.910273920735477,-3.622053033399175,True,
ONE|mexc:spot:ONE/USDT|gate:swap:ONE/USDT:USDT,ONE,mexc,spot,ONE/USDT,gate,swap,ONE/USDT:USDT,True,,500,0.10936491555289882,1.0060597811068197,0.0008774514514773037,0.8380865769548597,-1.2320529995065943,-0.024017477899107575,1.2271332874991714,2.459370736060936,2.3214594415435,72,41.472,37,21.312,7,4.032,-0.8486956617114362,-0.7087568295294555,True,,True,,500,-0.09376387493308877,0.9770418731700419,0.534667851212676,2.356841271709581,-3.600127462091318,-0.2890959668792825,3.765807527031617,7.363162981650912,4.9444502942554776,62.0,11.904,37.0,7.104,10.0,1.9200000000000002,1.0009079721524847,2.3870252636307487,False,ADF=0.5347 > 0.05
PROLOGUE|mexc:spot:PROLOGUE/USDT|gate:swap:PROLOGUE/USDT:USDT,PROLOGUE,mexc,spot,PROLOGUE/USDT,gate,swap,PROLOGUE/USDT:USDT,True,,500,-0.31296430051723767,0.9360836881306729,2.7956216514727786e-09,1.1303169839485505,-2.0191571714979206,0.09290038794274036,1.7887232789456586,3.812734646951958,2.6813577435418643,104,59.903999999999996,43,24.768,13,7.4879999999999995,1.2573875866752797,1.4313942710731276,True,,True,,500,-0.04463648572228592,0.9905034437036878,6.058892388890518e-16,1.3887777488622155,-2.048417632749455,-0.13838438371818196,2.558025210041892,4.5955438907762405,1.0157848216571677,183.0,35.136,95.0,18.240000000000002,19.0,3.648,0.19464249792379631,0.27068085097818884,False,half-life=1.0 bars
RIO|mexc:spot:RIO/USDT|gate:swap:RIO/USDT:USDT,RIO,mexc,spot,RIO/USDT,gate,swap,RIO/USDT:USDT,True,,500,-2.7245712301646376,0.025068510666548537,0.004582690882416218,2.803735129935931,-6.383560753797168,0.22325117357224755,3.630774365199496,10.162833453781294,10.050034788171672,43,24.768,21,12.096,4,2.304,0.21762789748901407,0.6120363165583509,True,,True,,500,-13.992691859180168,2.487358139277816,0.0540612498534122,4.72010754118313,-6.601947468461011,-0.4419798706296385,8.466226686905443,14.956835557203926,15.234348654228908,31.0,5.952,37.0,7.104,8.0,1.536,0.5896346208687848,2.8222299396947426,False,ADF=0.0541 > 0.05
SIREN|mexc:spot:SIREN/USDT|gate:swap:SIREN/USDT:USDT,SIREN,mexc,spot,SIREN/USDT,gate,swap,SIREN/USDT:USDT,True,,500,0.2935657724469896,1.0629447311687985,0.0451027247494382,1.7880176865930872,-1.753092513950183,-0.5301215912994595,4.390760166547691,6.065739309493944,11.436589774615175,47,27.072,24,13.824,5,2.88,-0.5671430167848994,-1.0089374744434387,True,,True,,500,-2.273403779690334,0.37985299443976983,5.316358500302742e-08,1.2581899125956175,-1.6343106092253645,-0.12828205817887461,1.5169048696896281,3.1533276853812575,2.7882667569597683,91.0,17.472,35.0,6.720000000000001,6.0,1.1520000000000001,-1.1711876483086894,-1.4627724801021924,True,
STAMP|mexc:spot:STAMP/USDT|gate:swap:STAMP/USDT:USDT,STAMP,mexc,spot,STAMP/USDT,gate,swap,STAMP/USDT:USDT,True,,500,-0.1750092553941578,0.9805337073641616,0.011338175269466079,1.188463378239103,-1.9433538231993563,0.031160309837141575,1.9935145007457855,3.9363894044413157,2.054553474495514,148,85.248,57,32.832,15,8.64,2.5341259944518724,3.0575268463470584,True,,True,,500,0.4690844566682398,1.060850475908091,0.10599805833469161,1.7550752567582522,-2.3222642160289686,-0.13918585537440187,2.390255312162193,4.711789551094496,1.635494756449739,166.0,31.872000000000003,57.0,10.944,8.0,1.536,-0.9490005756408992,-1.6517735429874447,False,ADF=0.1060 > 0.05 | half-life=1.6 bars
STANDARD|mexc:spot:STANDARD/USDT|gate:swap:STANDARD/USDT:USDT,STANDARD,mexc,spot,STANDARD/USDT,gate,swap,STANDARD/USDT:USDT,True,,500,-0.2184951713087777,0.8477210945846482,1.8855190318877108e-07,0.8429396634874902,-1.4931274972185271,0.051992875535566974,1.4108881649385507,2.9054146398930856,3.9469207135067133,58,33.408,42,24.192,11,6.335999999999999,0.8604213995686785,0.727919874815175,True,,True,,500,-0.15615106198664852,0.8891291318440091,7.271458266253106e-14,0.9261760337607179,-1.5137776588463159,-0.0009508912599431874,1.3151346567376043,2.831914072068973,1.8143222942610462,118.0,22.656000000000002,65.0,12.48,11.0,2.112,0.46457321397201573,0.43120359547503817,False,half-life=1.8 bars
STAR|mexc:spot:STAR/USDT|gate:swap:STAR/USDT:USDT,STAR,mexc,spot,STAR/USDT,gate,swap,STAR/USDT:USDT,True,,500,-0.09011953226772974,0.9749610902019256,3.6721369758650162e-06,0.6311894108024634,-0.8599014676974881,-0.1032659817602144,1.2283404367649853,2.084477502771538,5.244537283245264,48,27.648,29,16.704,8,4.608,-0.8802031693377228,-0.5540344565122202,True,,True,,500,-0.08641411121336426,0.976760871567341,0.0027001842355092592,0.5590133145909887,-0.8519532474926206,0.0038053335056131843,0.8114020223261464,1.6637309693593247,0.9947310857275066,182.0,34.944,97.0,18.624000000000002,23.0,4.416,0.7534599547403384,0.4220824159318459,False,range=1.66% вне 2.00%–35.00% | std=0.559% < 0.600% | half-life=1.0 bars
STONKS|mexc:spot:STONKS/USDT|gate:swap:STONKS/USDT:USDT,STONKS,mexc,spot,STONKS/USDT,gate,swap,STONKS/USDT:USDT,True,,500,-0.652352384780969,0.9107283977136923,0.0006059566578695227,0.8305866737723042,-1.3618713632465251,0.007356983324524613,1.451060147100991,2.8118629134742688,3.3597438630825964,85,48.96,64,36.864,10,5.76,-0.43722706861879124,-0.36249636642190497,True,,True,,500,0.03968903430933476,1.0076040813848246,9.065705603348428e-08,0.9354172289021032,-1.576322592727597,0.011107091044992856,1.4840079614695467,3.061982986804387,1.012780497038994,194.0,37.248000000000005,101.0,19.392,25.0,4.800000000000001,-0.24572356412982088,-0.22959009328127333,False,half-life=1.0 bars
SUE|mexc:spot:SUE/USDT|gate:swap:SUE/USDT:USDT,SUE,mexc,spot,SUE/USDT,gate,swap,SUE/USDT:USDT,True,,500,0.3104875183402549,1.0462405134791024,1.4808170146688526e-07,1.327255715825975,-2.275767264127604,0.06763777266751703,2.1665289094632723,4.44545579588127,2.2688756043088536,103,59.327999999999996,61,35.135999999999996,13,7.4879999999999995,-0.3856516524033341,-0.5105505973161506,True,,True,,500,0.07988792635865531,1.0127258556356316,5.716001451318331e-12,1.2288239742976947,-1.9344714215231207,0.08003273844012782,1.8317055394927895,3.7685590751729356,0.9066746093074809,208.0,39.936,104.0,19.968,17.0,3.2640000000000002,0.24207019169937052,0.29790451120459416,False,half-life=0.9 bars
WEN|mexc:spot:WEN/USDT|gate:swap:WEN/USDT:USDT,WEN,mexc,spot,WEN/USDT,gate,swap,WEN/USDT:USDT,True,,500,-8.238782376256504,-1.959930032996464,0.04089102806710143,2.6603691452192515,-3.478111052849675,-0.13890542160015507,5.1262313835293005,8.539202065089766,13.976551254347653,27,15.552,31,17.855999999999998,5,2.88,-0.13924980262872608,-0.3697705371592419,True,,True,,500,-13.29896068058546,0.7869595529115945,0.05106960862806425,2.7822615730109006,-4.101235032924211,0.057398624542148724,5.598680989213367,9.635277709647,9.958020471983078,43.0,8.256,25.0,4.800000000000001,10.0,1.9200000000000002,-1.5042764159682969,-4.098916378987594,False,ADF=0.0511 > 0.05
ZCAT|mexc:spot:ZCAT/USDT|gate:swap:ZCAT/USDT:USDT,ZCAT,mexc,spot,ZCAT/USDT,gate,swap,ZCAT/USDT:USDT,True,,500,0.11576068329944919,1.0259664533972757,0.003971176497534653,2.6191802563930384,-3.7388157277624012,-0.06881601612075405,4.641544906017336,8.347548496179643,2.8898550583777487,85,48.96,75,43.199999999999996,14,8.064,-1.1889072539118388,-3.0659779591339364,True,,True,,500,-0.20237909498336504,0.9222047398295866,0.0216354750299824,1.8581057598306903,-2.757068492784598,-0.15168705421709783,3.747411424754632,6.474691255016884,1.7653899479606083,155.0,29.76,60.0,11.520000000000001,21.0,4.032,1.046749863706792,1.96400975665445,False,half-life=1.8 bars
